userId,avg_rating,rating_count,rating_std,features,prediction
148,3.7395833333333335,48,0.6840864644035445,"[3.7395833333333335,48.0,0.6840864644035445]",0
463,3.787878787878788,33,0.6498834394323991,"[3.787878787878788,33.0,0.6498834394323991]",0
471,3.875,28,0.7652765174419949,"[3.875,28.0,0.7652765174419949]",0
496,3.413793103448276,29,1.0094992174096713,"[3.413793103448276,29.0,1.0094992174096713]",0
243,4.138888888888889,36,0.8333333333333333,"[4.138888888888889,36.0,0.8333333333333333]",0
392,3.2,25,1.2583057392117916,"[3.2,25.0,1.2583057392117916]",0
540,4.0,42,0.8263938705413375,"[4.0,42.0,0.8263938705413375]",0
31,3.92,50,1.0069148678117767,"[3.92,50.0,1.0069148678117767]",0
516,3.6923076923076925,26,0.8375789285425354,"[3.6923076923076925,26.0,0.8375789285425354]",0
85,3.7058823529411766,34,1.3602453380472013,"[3.7058823529411766,34.0,1.3602453380472013]",0
137,3.978723404255319,141,0.7143237071962638,"[3.978723404255319,141.0,0.7143237071962638]",0
251,4.869565217391305,23,0.5269421070570498,"[4.869565217391305,23.0,0.5269421070570498]",0
451,3.7941176470588234,34,0.9464258687999234,"[3.7941176470588234,34.0,0.9464258687999234]",0
580,3.529816513761468,436,1.0439892381982658,"[3.529816513761468,436.0,1.0439892381982658]",2
65,4.029411764705882,34,0.5357121636491371,"[4.029411764705882,34.0,0.5357121636491371]",0
458,4.1525423728813555,59,0.8869467060542469,"[4.1525423728813555,59.0,0.8869467060542469]",0
53,5.0,20,0.0,"[5.0,20.0,0.0]",0
255,2.5681818181818183,44,1.5003523194411472,"[2.5681818181818183,44.0,1.5003523194411472]",0
481,2.806451612903226,31,1.0138821377494092,"[2.806451612903226,31.0,1.0138821377494092]",0
588,3.25,56,1.066003581778052,"[3.25,56.0,1.066003581778052]",0
133,3.0,35,0.6859943405700354,"[3.0,35.0,0.6859943405700354]",0
296,4.166666666666667,27,1.3155870289605436,"[4.166666666666667,27.0,1.3155870289605436]",0
472,4.120689655172414,29,0.8520476639689103,"[4.120689655172414,29.0,0.8520476639689103]",0
78,3.1639344262295084,61,1.1787044847183208,"[3.1639344262295084,61.0,1.1787044847183208]",0
322,3.411214953271028,107,0.9610653584280919,"[3.411214953271028,107.0,0.9610653584280919]",0
513,3.890625,32,0.8398768630944006,"[3.890625,32.0,0.8398768630944006]",0
321,3.5714285714285716,56,0.6837634587578276,"[3.5714285714285716,56.0,0.6837634587578276]",0
362,4.243119266055046,109,0.5594916628771921,"[4.243119266055046,109.0,0.5594916628771921]",0
375,3.909090909090909,33,1.1212057227499654,"[3.909090909090909,33.0,1.1212057227499654]",0
593,3.266990291262136,103,1.0909959786337495,"[3.266990291262136,103.0,1.0909959786337495]",0
597,3.9774266365688487,443,1.0483495608490168,"[3.9774266365688487,443.0,1.0483495608490168]",2
108,3.986842105263158,76,1.0892617812400174,"[3.986842105263158,76.0,1.0892617812400174]",0
155,3.608695652173913,46,0.7142443052179217,"[3.608695652173913,46.0,0.7142443052179217]",0
34,3.4186046511627906,86,1.3565970946285353,"[3.4186046511627906,86.0,1.3565970946285353]",0
193,3.8,35,1.0860072581276252,"[3.8,35.0,1.0860072581276252]",0
211,3.904494382022472,89,0.7829010898225601,"[3.904494382022472,89.0,0.7829010898225601]",0
368,2.8422174840085286,469,0.8221351369263269,"[2.8422174840085286,469.0,0.8221351369263269]",2
530,3.7777777777777777,27,0.8006407690254357,"[3.7777777777777777,27.0,0.8006407690254357]",0
101,3.557377049180328,61,1.0571122640466404,"[3.557377049180328,61.0,1.0571122640466404]",0
115,3.767857142857143,112,1.1777375077094372,"[3.767857142857143,112.0,1.1777375077094372]",0
126,3.289473684210526,38,1.333718531366489,"[3.289473684210526,38.0,1.333718531366489]",0
81,2.769230769230769,26,1.1766968108291043,"[2.769230769230769,26.0,1.1766968108291043]",0
385,3.4029850746268657,201,0.8785163884505055,"[3.4029850746268657,201.0,0.8785163884505055]",0
28,3.020175438596491,570,0.7937785129939784,"[3.020175438596491,570.0,0.7937785129939784]",2
183,3.824561403508772,57,0.8477450555432304,"[3.824561403508772,57.0,0.8477450555432304]",0
210,4.079710144927536,138,0.8612636633763979,"[4.079710144927536,138.0,0.8612636633763979]",0
436,3.1792452830188678,106,0.7533691918729172,"[3.1792452830188678,106.0,0.7533691918729172]",0
497,3.5686274509803924,51,1.0955346085046207,"[3.5686274509803924,51.0,1.0955346085046207]",0
596,3.495133819951338,411,0.6878568123117378,"[3.495133819951338,411.0,0.6878568123117378]",2
300,4.296875,32,0.6581912532132674,"[4.296875,32.0,0.6581912532132674]",0
406,3.25,20,1.3228756555322954,"[3.25,20.0,1.3228756555322954]",0
412,3.892156862745098,102,1.0800335779992685,"[3.892156862745098,102.0,1.0800335779992685]",0
587,3.9757575757575756,165,0.9169908047489284,"[3.9757575757575756,165.0,0.9169908047489284]",0
76,3.0840336134453783,119,1.292611546068676,"[3.0840336134453783,119.0,1.292611546068676]",0
26,3.238095238095238,21,0.6248809410409237,"[3.238095238095238,21.0,0.6248809410409237]",0
27,3.5481481481481483,135,1.063074382189431,"[3.5481481481481483,135.0,1.063074382189431]",0
332,3.599250936329588,267,0.712719693572629,"[3.599250936329588,267.0,0.712719693572629]",0
501,3.2,45,0.9676588429625581,"[3.2,45.0,0.9676588429625581]",0
577,3.5652173913043477,161,0.8571946154145231,"[3.5652173913043477,161.0,0.8571946154145231]",0
384,3.085714285714286,70,1.200758904264204,"[3.085714285714286,70.0,1.200758904264204]",0
44,3.3541666666666665,48,1.1575760318456607,"[3.3541666666666665,48.0,1.1575760318456607]",0
159,3.2731958762886597,97,1.1814993532158553,"[3.2731958762886597,97.0,1.1814993532158553]",0
192,4.045454545454546,22,0.7854190708679775,"[4.045454545454546,22.0,0.7854190708679775]",0
271,3.186046511627907,43,0.7401999071514838,"[3.186046511627907,43.0,0.7401999071514838]",0
606,3.6573991031390136,1115,0.7241205012691343,"[3.6573991031390136,1115.0,0.7241205012691343]",2
253,4.351063829787234,47,0.6586786312880119,"[4.351063829787234,47.0,0.6586786312880119]",0
103,3.907161803713528,377,0.7884651517717446,"[3.907161803713528,377.0,0.7884651517717446]",2
236,3.966666666666667,30,1.3514572807192966,"[3.966666666666667,30.0,1.3514572807192966]",0
329,2.869565217391304,23,1.7465380777174588,"[2.869565217391304,23.0,1.7465380777174588]",0
460,4.201219512195122,82,0.6519664276820168,"[4.201219512195122,82.0,0.6519664276820168]",0
12,4.390625,32,0.726618049818872,"[4.390625,32.0,0.726618049818872]",0
336,4.321428571428571,56,0.6496752435470524,"[4.321428571428571,56.0,0.6496752435470524]",0
350,3.25,40,0.5883484054145521,"[3.25,40.0,0.5883484054145521]",0
223,3.2733333333333334,75,0.9942175156717308,"[3.2733333333333334,75.0,0.9942175156717308]",0
388,3.6206896551724137,29,1.2222284420402019,"[3.6206896551724137,29.0,1.2222284420402019]",0
417,4.462686567164179,67,0.7246390576747392,"[4.462686567164179,67.0,0.7246390576747392]",0
548,4.096153846153846,26,1.0489921903353785,"[4.096153846153846,26.0,1.0489921903353785]",0
602,3.3925925925925924,135,0.9780905575409111,"[3.3925925925925924,135.0,0.9780905575409111]",0
91,3.3956521739130436,575,0.9714918396392644,"[3.3956521739130436,575.0,0.9714918396392644]",2
409,3.8412698412698414,126,1.0984549033088133,"[3.8412698412698414,126.0,1.0984549033088133]",0
578,3.962962962962963,27,1.1173967507450069,"[3.962962962962963,27.0,1.1173967507450069]",0
333,2.64,25,1.2543258481484523,"[2.64,25.0,1.2543258481484523]",0
222,3.166,250,0.825937461774832,"[3.166,250.0,0.825937461774832]",0
285,3.9583333333333335,36,0.9287087810503352,"[3.9583333333333335,36.0,0.9287087810503352]",0
601,4.425742574257426,101,0.4548963542053364,"[4.425742574257426,101.0,0.4548963542053364]",0
22,2.5714285714285716,119,1.5435564731996092,"[2.5714285714285716,119.0,1.5435564731996092]",0
128,4.363636363636363,33,0.6990252954195322,"[4.363636363636363,33.0,0.6990252954195322]",0
209,4.242857142857143,35,0.9023778112773577,"[4.242857142857143,35.0,0.9023778112773577]",0
330,3.6902834008097165,247,1.050661193605121,"[3.6902834008097165,247.0,1.050661193605121]",0
372,3.3559322033898304,236,1.0316310055219713,"[3.3559322033898304,236.0,1.0316310055219713]",0
604,3.48,100,0.7450849046595397,"[3.48,100.0,0.7450849046595397]",0
122,4.546232876712328,292,0.49264646212813373,"[4.546232876712328,292.0,0.49264646212813373]",0
230,2.8597122302158273,139,1.1099496936283055,"[2.8597122302158273,139.0,1.1099496936283055]",0
319,4.428571428571429,35,0.5442595772193248,"[4.428571428571429,35.0,0.5442595772193248]",0
493,3.6885245901639343,61,1.0884389985442051,"[3.6885245901639343,61.0,1.0884389985442051]",0
93,4.288659793814433,97,0.5943968036063593,"[4.288659793814433,97.0,0.5943968036063593]",0
157,3.4761904761904763,21,1.0304876330673562,"[3.4761904761904763,21.0,1.0304876330673562]",0
190,3.909090909090909,66,0.7227569594114072,"[3.909090909090909,66.0,0.7227569594114072]",0
225,3.6533333333333333,75,0.9794280368047872,"[3.6533333333333333,75.0,0.9794280368047872]",0
232,3.2505800464037122,862,0.7604286262863359,"[3.2505800464037122,862.0,0.7604286262863359]",2
233,3.3,150,0.7530697802725399,"[3.3,150.0,0.7530697802725399]",0
246,4.252450980392157,204,0.7648328788438754,"[4.252450980392157,204.0,0.7648328788438754]",0
346,3.682926829268293,164,0.6761139189685519,"[3.682926829268293,164.0,0.6761139189685519]",0
360,3.36,25,1.5242484486898236,"[3.36,25.0,1.5242484486898236]",0
367,3.8594594594594596,185,1.0943181963778263,"[3.8594594594594596,185.0,1.0943181963778263]",0
476,3.681159420289855,69,0.7374988259848764,"[3.681159420289855,69.0,0.7374988259848764]",0
539,3.8026315789473686,38,1.0367534675559718,"[3.8026315789473686,38.0,1.0367534675559718]",0
599,2.6420500403551253,2478,0.8153003923907163,"[2.6420500403551253,2478.0,0.8153003923907163]",1
111,3.3397832817337463,646,1.0708741409841747,"[3.3397832817337463,646.0,1.0708741409841747]",2
224,4.2592592592592595,54,1.2466587069107653,"[4.2592592592592595,54.0,1.2466587069107653]",0
519,4.326923076923077,26,0.6919871052600284,"[4.326923076923077,26.0,0.6919871052600284]",0
47,3.0535714285714284,140,0.9757793943899049,"[3.0535714285714284,140.0,0.9757793943899049]",0
140,3.4991776315789473,608,0.8074504680447067,"[3.4991776315789473,608.0,0.8074504680447067]",2
177,3.375553097345133,904,0.9591603721731973,"[3.375553097345133,904.0,0.9591603721731973]",2
416,3.0686274509803924,51,1.4318505782487827,"[3.0686274509803924,51.0,1.4318505782487827]",0
556,4.078125,32,0.5097338806007091,"[4.078125,32.0,0.5097338806007091]",0
132,3.0389048991354466,347,0.7710903320482245,"[3.0389048991354466,347.0,0.7710903320482245]",0
152,4.023809523809524,63,0.6564111333888739,"[4.023809523809524,63.0,0.6564111333888739]",0
444,3.8095238095238093,42,0.9169965619026228,"[3.8095238095238093,42.0,0.9169965619026228]",0
185,3.5319148936170213,47,0.9290262276867536,"[3.5319148936170213,47.0,0.9290262276867536]",0
305,3.9246676514032495,677,0.9179811672385672,"[3.9246676514032495,677.0,0.9179811672385672]",2
353,3.488888888888889,90,1.0835277843349094,"[3.488888888888889,90.0,1.0835277843349094]",0
355,3.8846153846153846,26,0.7656068482934608,"[3.8846153846153846,26.0,0.7656068482934608]",0
291,4.258064516129032,31,0.8932241949060667,"[4.258064516129032,31.0,0.8932241949060667]",0
325,3.5444444444444443,270,0.9225926509052288,"[3.5444444444444443,270.0,0.9225926509052288]",0
386,2.75,68,0.8703233230054013,"[2.75,68.0,0.8703233230054013]",0
435,4.321428571428571,42,0.5501821047908192,"[4.321428571428571,42.0,0.5501821047908192]",0
473,3.418918918918919,37,1.0961644842707576,"[3.418918918918919,37.0,1.0961644842707576]",0
581,4.375,40,0.477036793721514,"[4.375,40.0,0.477036793721514]",0
603,3.5079533404029695,943,1.1536383642752084,"[3.5079533404029695,943.0,1.1536383642752084]",2
146,3.140625,32,0.9856582457522256,"[3.140625,32.0,0.9856582457522256]",0
259,3.1206896551724137,29,1.7456843337509356,"[3.1206896551724137,29.0,1.7456843337509356]",0
512,3.78,50,0.9100347604933134,"[3.78,50.0,0.9100347604933134]",0
1,4.366379310344827,232,0.8000480467733437,"[4.366379310344827,232.0,0.8000480467733437]",0
206,4.04,25,0.8406346808612325,"[4.04,25.0,0.8406346808612325]",0
52,4.476923076923077,130,0.6314175588086336,"[4.476923076923077,130.0,0.6314175588086336]",0
297,2.5972222222222223,72,1.2854518822075949,"[2.5972222222222223,72.0,1.2854518822075949]",0
363,3.3,30,1.0136992684699697,"[3.3,30.0,1.0136992684699697]",0
212,3.590725806451613,248,0.6076725004748486,"[3.590725806451613,248.0,0.6076725004748486]",0
274,3.235884101040119,1346,0.7617026505280026,"[3.235884101040119,1346.0,0.7617026505280026]",2
182,3.5112589559877176,977,1.0012165507215025,"[3.5112589559877176,977.0,1.0012165507215025]",2
442,1.275,20,0.6972691091152079,"[1.275,20.0,0.6972691091152079]",0
13,3.6451612903225805,31,0.9848311901632073,"[3.6451612903225805,31.0,0.9848311901632073]",0
218,3.3653846153846154,26,1.0445830968160674,"[3.3653846153846154,26.0,1.0445830968160674]",0
280,3.9005102040816326,196,0.7452755435359317,"[3.9005102040816326,196.0,0.7452755435359317]",0
348,4.672727272727273,55,0.43267237860231744,"[4.672727272727273,55.0,0.43267237860231744]",0
440,3.893939393939394,33,0.6092717958449425,"[3.893939393939394,33.0,0.6092717958449425]",0
6,3.4936305732484074,314,0.8506476787198631,"[3.4936305732484074,314.0,0.8506476787198631]",0
16,3.7244897959183674,98,0.5520460955820451,"[3.7244897959183674,98.0,0.5520460955820451]",0
86,3.9285714285714284,70,0.5335532672816418,"[3.9285714285714284,70.0,0.5335532672816418]",0
474,3.398956356736243,2108,0.83084740222439,"[3.398956356736243,2108.0,0.83084740222439]",1
168,4.462765957446808,94,0.7304416166866338,"[4.462765957446808,94.0,0.7304416166866338]",0
205,3.8703703703703702,27,0.6443928656046445,"[3.8703703703703702,27.0,0.6443928656046445]",0
572,4.122580645161291,155,1.0403263965272007,"[4.122580645161291,155.0,1.0403263965272007]",0
3,2.4358974358974357,39,2.0906417019771424,"[2.4358974358974357,39.0,2.0906417019771424]",0
142,3.8157894736842106,38,0.7660097789896835,"[3.8157894736842106,38.0,0.7660097789896835]",0
178,4.090909090909091,77,0.8100002953511185,"[4.090909090909091,77.0,0.8100002953511185]",0
308,2.4260869565217393,115,1.4988935660002,"[2.4260869565217393,115.0,1.4988935660002]",0
328,3.2254901960784315,255,1.2577074408594668,"[3.2254901960784315,255.0,1.2577074408594668]",0
20,3.590909090909091,242,1.1648375307436851,"[3.590909090909091,242.0,1.1648375307436851]",0
40,3.766990291262136,103,1.0403985237110398,"[3.766990291262136,103.0,1.0403985237110398]",0
164,4.25,36,0.8742343589025283,"[4.25,36.0,0.8742343589025283]",0
429,3.9827586206896552,58,0.8269873312070817,"[3.9827586206896552,58.0,0.8269873312070817]",0
470,3.5125,80,0.6749355337241805,"[3.5125,80.0,0.6749355337241805]",0
169,4.24907063197026,269,0.601032282572244,"[4.24907063197026,269.0,0.601032282572244]",0
500,3.244186046511628,86,1.3366863903533808,"[3.244186046511628,86.0,1.3366863903533808]",0
139,2.1443298969072164,194,0.8945973792243165,"[2.1443298969072164,194.0,0.8945973792243165]",0
283,3.3142857142857145,35,1.0784364654832632,"[3.3142857142857145,35.0,1.0784364654832632]",0
359,3.418918918918919,74,0.961687397687028,"[3.418918918918919,74.0,0.961687397687028]",0
479,3.320441988950276,181,1.191204723147686,"[3.320441988950276,181.0,1.191204723147686]",0
295,3.7439024390243905,41,1.4879598080068903,"[3.7439024390243905,41.0,1.4879598080068903]",0
340,4.214285714285714,28,0.6862211530545171,"[4.214285714285714,28.0,0.6862211530545171]",0
431,2.725,20,1.20825014837683,"[2.725,20.0,1.20825014837683]",0
94,3.0357142857142856,56,1.008406226122745,"[3.0357142857142856,56.0,1.008406226122745]",0
250,4.222222222222222,27,1.0127393670836666,"[4.222222222222222,27.0,1.0127393670836666]",0
377,3.9122137404580153,131,0.9250382861734271,"[3.9122137404580153,131.0,0.9250382861734271]",0
402,3.8541666666666665,48,0.850271129056962,"[3.8541666666666665,48.0,0.850271129056962]",0
432,3.646153846153846,260,0.8586290451899686,"[3.646153846153846,260.0,0.8586290451899686]",0
582,4.026785714285714,56,0.6702756750169893,"[4.026785714285714,56.0,0.6702756750169893]",0
57,3.392857142857143,476,1.0736418243144659,"[3.392857142857143,476.0,1.0736418243144659]",2
570,3.4162303664921465,191,0.6615758136285562,"[3.4162303664921465,191.0,0.6615758136285562]",0
292,3.3015695067264574,446,0.9200499514349678,"[3.3015695067264574,446.0,0.9200499514349678]",2
306,3.3169642857142856,112,0.7290482989051015,"[3.3169642857142856,112.0,0.7290482989051015]",0
339,4.070080862533692,371,0.7626020491288168,"[4.070080862533692,371.0,0.7626020491288168]",2
54,3.0303030303030303,33,0.3940850546557561,"[3.0303030303030303,33.0,0.3940850546557561]",0
120,3.409090909090909,22,0.9591211706105855,"[3.409090909090909,22.0,0.9591211706105855]",0
559,3.2857142857142856,140,0.8673594616799155,"[3.2857142857142856,140.0,0.8673594616799155]",0
491,4.15625,64,0.7175520555199829,"[4.15625,64.0,0.7175520555199829]",0
96,3.8846153846153846,78,1.2377269618005546,"[3.8846153846153846,78.0,1.2377269618005546]",0
235,3.646153846153846,65,0.9088242615938125,"[3.646153846153846,65.0,0.9088242615938125]",0
545,3.369565217391304,23,0.8818548543778183,"[3.369565217391304,23.0,0.8818548543778183]",0
452,4.556930693069307,202,0.6050997904202924,"[4.556930693069307,202.0,0.6050997904202924]",0
48,4.03030303030303,33,0.6607215981811329,"[4.03030303030303,33.0,0.6607215981811329]",0
266,3.5,180,1.4279727396737645,"[3.5,180.0,1.4279727396737645]",0
507,3.380952380952381,21,0.6690433824641325,"[3.380952380952381,21.0,0.6690433824641325]",0
544,4.363636363636363,22,0.9534625892455925,"[4.363636363636363,22.0,0.9534625892455925]",0
5,3.6363636363636362,44,0.9904405665441197,"[3.6363636363636362,44.0,0.9904405665441197]",0
163,3.0,23,0.674199862463242,"[3.0,23.0,0.674199862463242]",0
191,3.7411764705882353,85,1.4322222258440487,"[3.7411764705882353,85.0,1.4322222258440487]",0
268,3.2713178294573644,129,1.2732336906506017,"[3.2713178294573644,129.0,1.2732336906506017]",0
258,4.2,25,1.3070322617798433,"[4.2,25.0,1.3070322617798433]",0
279,3.647727272727273,176,0.8269015865060569,"[3.647727272727273,176.0,0.8269015865060569]",0
19,2.607396870554765,703,0.927301584334504,"[2.607396870554765,703.0,0.927301584334504]",2
397,3.9565217391304346,23,0.824525255667285,"[3.9565217391304346,23.0,0.824525255667285]",0
430,3.7413793103448274,58,1.0439524225830694,"[3.7413793103448274,58.0,1.0439524225830694]",0
92,3.9375,24,0.6479482668560347,"[3.9375,24.0,0.6479482668560347]",0
419,3.803225806451613,155,1.0621846731379545,"[3.803225806451613,155.0,1.0621846731379545]",0
542,3.5088495575221237,113,1.3412785426415705,"[3.5088495575221237,113.0,1.3412785426415705]",0
553,4.337349397590361,83,0.6444341142832769,"[4.337349397590361,83.0,0.6444341142832769]",0
560,3.567685589519651,458,0.5717678576018698,"[3.567685589519651,458.0,0.5717678576018698]",2
415,4.085106382978723,94,0.6584369642363638,"[4.085106382978723,94.0,0.6584369642363638]",0
257,3.2,20,1.005249379900069,"[3.2,20.0,1.005249379900069]",0
299,3.652173913043478,23,0.7751067757631794,"[3.652173913043478,23.0,0.7751067757631794]",0
64,3.7688588007736943,517,0.7446561907533173,"[3.7688588007736943,517.0,0.7446561907533173]",2
117,3.3393939393939394,165,0.6197655900002926,"[3.3393939393939394,165.0,0.6197655900002926]",0
227,4.202127659574468,94,0.5201279254150983,"[4.202127659574468,94.0,0.5201279254150983]",0
579,3.9726027397260273,73,0.9570295876612467,"[3.9726027397260273,73.0,0.9570295876612467]",0
504,3.82183908045977,87,0.595413729004897,"[3.82183908045977,87.0,0.595413729004897]",0
554,4.0,89,1.2702898738620105,"[4.0,89.0,1.2702898738620105]",0
598,3.8095238095238093,21,1.6843113613298348,"[3.8095238095238093,21.0,1.6843113613298348]",0
41,3.2534562211981566,217,1.1447543563005067,"[3.2534562211981566,217.0,1.1447543563005067]",0
154,4.382352941176471,34,1.2064148209229701,"[4.382352941176471,34.0,1.2064148209229701]",0
309,3.8398058252427183,103,0.8019999273660477,"[3.8398058252427183,103.0,0.8019999273660477]",0
425,3.5326797385620914,306,0.536146550232148,"[3.5326797385620914,306.0,0.536146550232148]",0
347,3.5555555555555554,45,0.5860327153276883,"[3.5555555555555554,45.0,0.5860327153276883]",0
447,3.871794871794872,78,0.7954248127262767,"[3.871794871794872,78.0,0.7954248127262767]",0
455,3.456140350877193,57,0.7088767633828609,"[3.456140350877193,57.0,0.7088767633828609]",0
484,3.8145454545454545,275,0.8371872837715737,"[3.8145454545454545,275.0,0.8371872837715737]",0
607,3.786096256684492,187,0.965657195200153,"[3.786096256684492,187.0,0.965657195200153]",0
15,3.448148148148148,135,1.133404055934043,"[3.448148148148148,135.0,1.133404055934043]",0
43,4.552631578947368,114,0.6795639578430087,"[4.552631578947368,114.0,0.6795639578430087]",0
262,3.1052631578947367,57,0.9577542654996147,"[3.1052631578947367,57.0,0.9577542654996147]",0
511,4.125,52,0.5847322162373837,"[4.125,52.0,0.5847322162373837]",0
112,3.5923076923076924,65,1.4681310070447238,"[3.5923076923076924,65.0,1.4681310070447238]",0
269,3.6206896551724137,29,0.8624629641509368,"[3.6206896551724137,29.0,0.8624629641509368]",0
327,4.104166666666667,48,0.939433585195307,"[4.104166666666667,48.0,0.939433585195307]",0
563,3.300469483568075,213,0.709670243153244,"[3.300469483568075,213.0,0.709670243153244]",0
165,3.5384615384615383,65,0.7305161505085606,"[3.5384615384615383,65.0,0.7305161505085606]",0
358,3.2560975609756095,41,1.441015055522982,"[3.2560975609756095,41.0,1.441015055522982]",0
366,3.9516129032258065,31,0.6874450124637534,"[3.9516129032258065,31.0,0.6874450124637534]",0
179,3.782608695652174,69,0.7043888719056044,"[3.782608695652174,69.0,0.7043888719056044]",0
189,4.1,20,0.34792618696922967,"[4.1,20.0,0.34792618696922967]",0
207,2.875,20,1.4588658175734361,"[2.875,20.0,1.4588658175734361]",0
489,3.017746913580247,648,1.1986248628383533,"[3.017746913580247,648.0,1.1986248628383533]",2
590,3.355769230769231,728,0.8341538301907906,"[3.355769230769231,728.0,0.8341538301907906]",2
37,4.142857142857143,21,0.9102589898327995,"[4.142857142857143,21.0,0.9102589898327995]",0
383,3.7941176470588234,34,0.9779202348554562,"[3.7941176470588234,34.0,0.9779202348554562]",0
61,4.051282051282051,39,0.7051956782832447,"[4.051282051282051,39.0,0.7051956782832447]",0
127,3.1136363636363638,22,1.3621745411361499,"[3.1136363636363638,22.0,1.3621745411361499]",0
316,3.0,53,0.7721099961494127,"[3.0,53.0,0.7721099961494127]",0
461,2.9444444444444446,27,1.7938641860377051,"[2.9444444444444446,27.0,1.7938641860377051]",0
502,3.4285714285714284,35,1.6853296812356273,"[3.4285714285714284,35.0,1.6853296812356273]",0
523,4.693333333333333,75,0.4494240558559165,"[4.693333333333333,75.0,0.4494240558559165]",0
88,4.035714285714286,56,1.1396057645963793,"[4.035714285714286,56.0,1.1396057645963793]",0
197,3.857142857142857,35,1.0611552290631505,"[3.857142857142857,35.0,1.0611552290631505]",0
486,4.017857142857143,56,0.9814844310083011,"[4.017857142857143,56.0,0.9814844310083011]",0
531,3.772727272727273,22,1.109775532079227,"[3.772727272727273,22.0,1.109775532079227]",0
318,3.755972696245734,879,0.5446009001862964,"[3.755972696245734,879.0,0.5446009001862964]",2
462,3.4065934065934065,455,1.1074241054337037,"[3.4065934065934065,455.0,1.1074241054337037]",2
547,4.142857142857143,21,0.9636241116594314,"[4.142857142857143,21.0,0.9636241116594314]",0
107,3.911764705882353,34,0.7534827041035809,"[3.911764705882353,34.0,0.7534827041035809]",0
202,3.8188585607940446,403,0.7360251505442896,"[3.8188585607940446,403.0,0.7360251505442896]",2
263,3.716666666666667,210,0.783781981533993,"[3.716666666666667,210.0,0.783781981533993]",0
374,3.6363636363636362,33,0.8950622121597827,"[3.6363636363636362,33.0,0.8950622121597827]",0
564,3.5796178343949046,157,0.8076349497066032,"[3.5796178343949046,157.0,0.8076349497066032]",0
9,3.260869565217391,46,1.2725264914718217,"[3.260869565217391,46.0,1.2725264914718217]",0
17,4.20952380952381,105,0.5084901877738361,"[4.20952380952381,105.0,0.5084901877738361]",0
231,3.8541666666666665,24,0.949589919119171,"[3.8541666666666665,24.0,0.949589919119171]",0
552,3.11968085106383,188,1.1103720551273921,"[3.11968085106383,188.0,1.1103720551273921]",0
324,3.142857142857143,21,1.2363540870525032,"[3.142857142857143,21.0,1.2363540870525032]",0
586,4.365384615384615,208,0.6206229114496793,"[4.365384615384615,208.0,0.6206229114496793]",0
609,3.27027027027027,37,0.4502251688907481,"[3.27027027027027,37.0,0.4502251688907481]",0
72,4.155555555555556,45,0.5416958034121583,"[4.155555555555556,45.0,0.5416958034121583]",0
286,3.7877358490566038,106,0.9256866517233551,"[3.7877358490566038,106.0,0.9256866517233551]",0
398,4.25,46,0.9530652303663865,"[4.25,46.0,0.9530652303663865]",0
505,4.17741935483871,31,0.9268979366393241,"[4.17741935483871,31.0,0.9268979366393241]",0
538,4.472972972972973,37,0.5886182731375841,"[4.472972972972973,37.0,0.5886182731375841]",0
175,3.5416666666666665,24,1.6934443076725039,"[3.5416666666666665,24.0,1.6934443076725039]",0
387,3.2585199610516065,1027,0.8593102941421753,"[3.2585199610516065,1027.0,0.8593102941421753]",2
423,3.717391304347826,23,1.3637022381980615,"[3.717391304347826,23.0,1.3637022381980615]",0
381,3.542194092827004,474,0.8554712833183634,"[3.542194092827004,474.0,0.8554712833183634]",2
498,4.057142857142857,35,1.027356892649263,"[4.057142857142857,35.0,1.027356892649263]",0
35,4.086956521739131,23,0.9001536978993627,"[4.086956521739131,23.0,0.9001536978993627]",0
503,3.3421052631578947,95,1.0897568484766642,"[3.3421052631578947,95.0,1.0897568484766642]",0
583,3.294642857142857,56,0.8077847694567123,"[3.294642857142857,56.0,0.8077847694567123]",0
594,3.9245689655172415,232,1.358682129647072,"[3.9245689655172415,232.0,1.358682129647072]",0
610,3.6885560675883258,1302,0.8574220363116731,"[3.6885560675883258,1302.0,0.8574220363116731]",2
310,3.53125,64,1.388372920032426,"[3.53125,64.0,1.388372920032426]",0
485,3.869565217391304,23,1.3586205512841112,"[3.869565217391304,23.0,1.3586205512841112]",0
568,4.130434782608695,23,0.8688732424597103,"[4.130434782608695,23.0,0.8688732424597103]",0
196,3.9375,32,0.8775883376176898,"[3.9375,32.0,0.8775883376176898]",0
437,3.80327868852459,122,0.9928616647485146,"[3.80327868852459,122.0,0.9928616647485146]",0
456,3.813953488372093,43,0.8523305292657855,"[3.813953488372093,43.0,0.8523305292657855]",0
217,2.761827079934747,613,0.8737519144232474,"[2.761827079934747,613.0,0.8737519144232474]",2
290,4.142322097378277,267,0.6843902953099069,"[4.142322097378277,267.0,0.6843902953099069]",0
441,4.522222222222222,45,0.7757368605188728,"[4.522222222222222,45.0,0.7757368605188728]",0
229,3.7384615384615385,65,0.6909441700700906,"[3.7384615384615385,65.0,0.6909441700700906]",0
307,2.6656410256410257,975,1.0967091779056273,"[2.6656410256410257,975.0,1.0967091779056273]",2
326,4.016447368421052,152,0.8940897979218844,"[4.016447368421052,152.0,0.8940897979218844]",0
537,4.0638297872340425,47,1.168504345383614,"[4.0638297872340425,47.0,1.168504345383614]",0
114,3.435483870967742,31,0.8826280406062998,"[3.435483870967742,31.0,0.8826280406062998]",0
173,3.48,25,0.9183318209303941,"[3.48,25.0,0.9183318209303941]",0
220,3.963768115942029,207,1.0450490323182668,"[3.963768115942029,207.0,1.0450490323182668]",0
278,3.875,20,0.9850861570655153,"[3.875,20.0,0.9850861570655153]",0
301,3.3201754385964914,114,1.2177289048729525,"[3.3201754385964914,114.0,1.2177289048729525]",0
494,4.2272727272727275,22,1.1925090867905042,"[4.2272727272727275,22.0,1.1925090867905042]",0
4,3.5555555555555554,216,1.3142038589753633,"[3.5555555555555554,216.0,1.3142038589753633]",0
55,2.84,25,1.7953644012660313,"[2.84,25.0,1.7953644012660313]",0
59,4.355140186915888,107,0.9639965596176585,"[4.355140186915888,107.0,0.9639965596176585]",0
445,3.857142857142857,77,0.9135570404552819,"[3.857142857142857,77.0,0.9135570404552819]",0
8,3.574468085106383,47,0.9723275716382791,"[3.574468085106383,47.0,0.9723275716382791]",0
100,3.945945945945946,148,0.6754568500222323,"[3.945945945945946,148.0,0.6754568500222323]",0
241,3.9802631578947367,76,0.6188203265013426,"[3.9802631578947367,76.0,0.6188203265013426]",0
449,3.289473684210526,38,1.081987528949514,"[3.289473684210526,38.0,1.081987528949514]",0
450,4.0,51,0.7483314773547883,"[4.0,51.0,0.7483314773547883]",0
495,4.009433962264151,265,1.146844179619465,"[4.009433962264151,265.0,1.146844179619465]",0
161,3.8333333333333335,39,1.1316809419557992,"[3.8333333333333335,39.0,1.1316809419557992]",0
555,3.4550173010380623,578,1.0866532738896508,"[3.4550173010380623,578.0,1.0866532738896508]",2
23,3.6487603305785123,121,0.6145615920420208,"[3.6487603305785123,121.0,0.6145615920420208]",0
39,4.0,100,1.0540925533894598,"[4.0,100.0,1.0540925533894598]",0
49,4.261904761904762,21,0.2558831578595795,"[4.261904761904762,21.0,0.2558831578595795]",0
176,4.055555555555555,36,0.8600479868487222,"[4.055555555555555,36.0,0.8600479868487222]",0
380,3.6732348111658455,1218,0.9610095754697883,"[3.6732348111658455,1218.0,0.9610095754697883]",2
520,3.881720430107527,186,0.8183630644169958,"[3.881720430107527,186.0,0.8183630644169958]",0
7,3.2302631578947367,152,1.3295938469468669,"[3.2302631578947367,152.0,1.3295938469468669]",0
162,4.2368421052631575,38,0.8198289381992818,"[4.2368421052631575,38.0,0.8198289381992818]",0
514,3.3110831234256928,397,0.9499218923990046,"[3.3110831234256928,397.0,0.9499218923990046]",2
549,3.6666666666666665,21,1.3994046353122223,"[3.6666666666666665,21.0,1.3994046353122223]",0
130,3.5357142857142856,28,0.8811668550592596,"[3.5357142857142856,28.0,0.8811668550592596]",0
238,3.6818181818181817,44,0.856513410278739,"[3.6818181818181817,44.0,0.856513410278739]",0
244,3.774193548387097,93,1.216990517076274,"[3.774193548387097,93.0,1.216990517076274]",0
446,3.2142857142857144,84,0.9192903047306508,"[3.2142857142857144,84.0,0.9192903047306508]",0
84,3.689419795221843,293,0.7601757217663369,"[3.689419795221843,293.0,0.7601757217663369]",0
136,3.315315315315315,111,1.2790762432458964,"[3.315315315315315,111.0,1.2790762432458964]",0
453,3.942122186495177,311,0.9885770147310518,"[3.942122186495177,311.0,0.9885770147310518]",0
247,3.7466666666666666,150,0.8626217775457544,"[3.7466666666666666,150.0,0.8626217775457544]",0
314,3.046875,128,0.9037051902396827,"[3.046875,128.0,0.9037051902396827]",0
87,3.9523809523809526,21,0.7730582433549542,"[3.9523809523809526,21.0,0.7730582433549542]",0
565,3.6551724137931036,29,0.8567322497625797,"[3.6551724137931036,29.0,0.8567322497625797]",0
171,4.634146341463414,82,0.5986032120530903,"[4.634146341463414,82.0,0.5986032120530903]",0
273,4.0,55,0.9813067629253164,"[4.0,55.0,0.9813067629253164]",0
343,4.059322033898305,59,0.8664470941263118,"[4.059322033898305,59.0,0.8664470941263118]",0
434,3.781115879828326,233,1.035650948619299,"[3.781115879828326,233.0,1.035650948619299]",0
439,4.119047619047619,21,0.7567159623128401,"[4.119047619047619,21.0,0.7567159623128401]",0
443,4.121621621621622,37,0.8449638832304986,"[4.121621621621622,37.0,0.8449638832304986]",0
585,4.336065573770492,61,0.5825326276656803,"[4.336065573770492,61.0,0.5825326276656803]",0
51,3.7757660167130918,359,1.241394022171547,"[3.7757660167130918,359.0,1.241394022171547]",0
194,3.475,20,0.5954874164563804,"[3.475,20.0,0.5954874164563804]",0
277,3.5714285714285716,28,0.7417981870189158,"[3.5714285714285716,28.0,0.7417981870189158]",0
331,3.6279761904761907,168,1.0439403472093167,"[3.6279761904761907,168.0,1.0439403472093167]",0
428,2.64,300,1.0035388886352858,"[2.64,300.0,1.0035388886352858]",0
465,4.156521739130435,115,0.7325909840844759,"[4.156521739130435,115.0,0.7325909840844759]",0
391,3.715025906735751,386,1.187218565136605,"[3.715025906735751,386.0,1.187218565136605]",2
438,3.3551181102362206,635,0.8666361107688377,"[3.3551181102362206,635.0,0.8666361107688377]",2
532,4.28,50,0.7835033829029766,"[4.28,50.0,0.7835033829029766]",0
69,4.369565217391305,46,0.7988518330752766,"[4.369565217391305,46.0,0.7988518330752766]",0
129,3.9214285714285713,140,0.6065334587538205,"[3.9214285714285713,140.0,0.6065334587538205]",0
166,4.073684210526316,190,0.6443421691665884,"[4.073684210526316,190.0,0.6443421691665884]",0
448,2.8473712446351933,1864,1.0297056260803321,"[2.8473712446351933,1864.0,1.0297056260803321]",1
467,3.409090909090909,22,1.4362348564112215,"[3.409090909090909,22.0,1.4362348564112215]",0
97,4.194444444444445,36,0.821825301020129,"[4.194444444444445,36.0,0.821825301020129]",0
400,4.511627906976744,43,0.5924964546108837,"[4.511627906976744,43.0,0.5924964546108837]",0
543,4.453947368421052,76,1.2940315080629408,"[4.453947368421052,76.0,1.2940315080629408]",0
524,3.4580152671755724,131,1.076029324627089,"[3.4580152671755724,131.0,1.076029324627089]",0
533,4.381578947368421,38,0.8006265327543256,"[4.381578947368421,38.0,0.8006265327543256]",0
234,3.504950495049505,202,1.0708601868711078,"[3.504950495049505,202.0,1.0708601868711078]",0
239,4.026881720430108,279,0.7516131024295625,"[4.026881720430108,279.0,0.7516131024295625]",0
264,3.5625,56,1.0048179391855476,"[3.5625,56.0,1.0048179391855476]",0
312,3.708520179372197,223,0.8648642336280172,"[3.708520179372197,223.0,0.8648642336280172]",0
389,4.117647058823529,34,0.8444006618414981,"[4.117647058823529,34.0,0.8444006618414981]",0
63,3.6309963099630997,271,1.0392298269967366,"[3.6309963099630997,271.0,1.0392298269967366]",0
395,3.0491803278688523,61,0.8251510873409128,"[3.0491803278688523,61.0,0.8251510873409128]",0
403,3.764705882352941,34,0.7904284810156532,"[3.764705882352941,34.0,0.7904284810156532]",0
459,4.346153846153846,26,0.7179029289427753,"[4.346153846153846,26.0,0.7179029289427753]",0
509,3.21627408993576,467,0.6779106960639856,"[3.21627408993576,467.0,0.6779106960639856]",2
10,3.2785714285714285,140,1.1757003554462786,"[3.2785714285714285,140.0,1.1757003554462786]",0
77,4.0,29,1.3228756555322954,"[4.0,29.0,1.3228756555322954]",0
102,3.357142857142857,56,0.7960943623504901,"[3.357142857142857,56.0,0.7960943623504901]",0
361,3.1804123711340204,97,0.8785213874338488,"[3.1804123711340204,97.0,0.8785213874338488]",0
589,4.025,40,0.973692417078886,"[4.025,40.0,0.973692417078886]",0
50,2.7806451612903227,310,0.8468175163779227,"[2.7806451612903227,310.0,0.8468175163779227]",0
518,3.5416666666666665,24,1.187952812218554,"[3.5416666666666665,24.0,1.187952812218554]",0
267,4.175438596491228,57,1.135825801180166,"[4.175438596491228,57.0,1.135825801180166]",0
293,2.619047619047619,21,0.7400128699009548,"[2.619047619047619,21.0,0.7400128699009548]",0
404,3.4,60,0.49403218175557095,"[3.4,60.0,0.49403218175557095]",0
527,4.119760479041916,167,0.9365560803719639,"[4.119760479041916,167.0,0.9365560803719639]",0
45,3.8759398496240602,399,0.9766225033045172,"[3.8759398496240602,399.0,0.9766225033045172]",2
569,4.0,20,0.7254762501100116,"[4.0,20.0,0.7254762501100116]",0
216,3.6646341463414633,164,1.0108457190807751,"[3.6646341463414633,164.0,1.0108457190807751]",0
38,3.217948717948718,78,1.052485442999383,"[3.217948717948718,78.0,1.052485442999383]",0
261,3.858490566037736,53,1.1066988267719993,"[3.858490566037736,53.0,1.1066988267719993]",0
320,3.525,20,0.7859791077978706,"[3.525,20.0,0.7859791077978706]",0
418,3.639784946236559,93,1.5096889821464547,"[3.639784946236559,93.0,1.5096889821464547]",0
82,3.381057268722467,227,0.7679663590055158,"[3.381057268722467,227.0,0.7679663590055158]",0
181,2.940677966101695,118,0.9271993753948391,"[2.940677966101695,118.0,0.9271993753948391]",0
249,3.6964627151051626,1046,0.6726914533658599,"[3.6964627151051626,1046.0,0.6726914533658599]",2
364,4.190476190476191,21,0.8135752957807666,"[4.190476190476191,21.0,0.8135752957807666]",0
510,2.9027777777777777,108,1.1670282038838806,"[2.9027777777777777,108.0,1.1670282038838806]",0
167,3.439306358381503,173,1.1325334759747818,"[3.439306358381503,173.0,1.1325334759747818]",0
288,3.1459715639810426,1055,0.8665841572850375,"[3.1459715639810426,1055.0,0.8665841572850375]",2
394,2.9565217391304346,23,1.0215078369104982,"[2.9565217391304346,23.0,1.0215078369104982]",0
576,3.1,20,1.391704747876919,"[3.1,20.0,1.391704747876919]",0
80,4.2604790419161676,167,0.4586462641758352,"[4.2604790419161676,167.0,0.4586462641758352]",0
240,3.9140625,128,0.9138250814721379,"[3.9140625,128.0,0.9138250814721379]",0
289,3.625,24,0.726067430094119,"[3.625,24.0,0.726067430094119]",0
356,4.02076124567474,289,0.7438998040683217,"[4.02076124567474,289.0,0.7438998040683217]",0
25,4.8076923076923075,26,0.376215977250384,"[4.8076923076923075,26.0,0.376215977250384]",0
73,3.711904761904762,210,1.0126478581748992,"[3.711904761904762,210.0,1.0126478581748992]",0
245,2.7142857142857144,21,0.9023778112773575,"[2.7142857142857144,21.0,0.9023778112773575]",0
427,3.1011904761904763,84,1.0377796093094942,"[3.1011904761904763,84.0,1.0377796093094942]",0
591,3.2777777777777777,54,1.1560614116133208,"[3.2777777777777777,54.0,1.1560614116133208]",0
113,3.6466666666666665,150,1.2268619142346673,"[3.6466666666666665,150.0,1.2268619142346673]",0
237,3.36,50,0.7073953373222829,"[3.36,50.0,0.7073953373222829]",0
24,3.65,110,0.539920143602635,"[3.65,110.0,0.539920143602635]",0
160,2.708237986270023,437,1.5463410076823205,"[2.708237986270023,437.0,1.5463410076823205]",2
70,4.32258064516129,62,0.6278820383204783,"[4.32258064516129,62.0,0.6278820383204783]",0
408,4.092198581560283,141,0.6984749634520929,"[4.092198581560283,141.0,0.6984749634520929]",0
62,4.081967213114754,366,0.7139336978665961,"[4.081967213114754,366.0,0.7139336978665961]",0
121,3.293103448275862,58,0.8378883376105017,"[3.293103448275862,58.0,0.8378883376105017]",0
125,3.859722222222222,360,0.8024439900485046,"[3.859722222222222,360.0,0.8024439900485046]",0
396,3.142857142857143,28,1.4584183648679576,"[3.142857142857143,28.0,1.4584183648679576]",0
156,3.692211055276382,398,0.9193495870190144,"[3.692211055276382,398.0,0.9193495870190144]",2
351,3.6666666666666665,141,0.672592709134549,"[3.6666666666666665,141.0,0.672592709134549]",0
480,3.27511961722488,836,1.049791817421951,"[3.27511961722488,836.0,1.049791817421951]",2
143,3.323943661971831,71,1.328529239285996,"[3.323943661971831,71.0,1.328529239285996]",0
219,3.165719696969697,528,1.0918444663680027,"[3.165719696969697,528.0,1.0918444663680027]",2
95,4.0625,168,0.7989279868321758,"[4.0625,168.0,0.7989279868321758]",0
411,3.2598425196850394,127,0.9361572790902183,"[3.2598425196850394,127.0,0.9361572790902183]",0
477,3.736666666666667,600,0.9280396821481419,"[3.736666666666667,600.0,0.9280396821481419]",2
482,3.40625,128,1.1717642664217887,"[3.40625,128.0,1.1717642664217887]",0
29,4.1419753086419755,81,0.68572301214318,"[4.1419753086419755,81.0,0.68572301214318]",0
226,3.4763313609467454,507,0.9118412683568226,"[3.4763313609467454,507.0,0.9118412683568226]",2
390,3.8395061728395063,81,1.0149727844067644,"[3.8395061728395063,81.0,1.0149727844067644]",0
464,3.753623188405797,138,1.0861543639060223,"[3.753623188405797,138.0,1.0861543639060223]",0
526,4.189655172413793,58,0.6057298497991402,"[4.189655172413793,58.0,0.6057298497991402]",0
528,3.4726027397260273,73,1.2662565425927939,"[3.4726027397260273,73.0,1.2662565425927939]",0
558,3.9285714285714284,56,1.0763092299342036,"[3.9285714285714284,56.0,1.0763092299342036]",0
21,3.260722347629797,443,1.0035418823410291,"[3.260722347629797,443.0,1.0035418823410291]",2
214,2.8636363636363638,22,0.4675625290960757,"[2.8636363636363638,22.0,0.4675625290960757]",0
323,3.173469387755102,98,0.7998132540295083,"[3.173469387755102,98.0,0.7998132540295083]",0
550,4.107142857142857,28,0.8537189109045078,"[4.107142857142857,28.0,0.8537189109045078]",0
335,3.6785714285714284,28,1.2781227967601092,"[3.6785714285714284,28.0,1.2781227967601092]",0
338,2.9358974358974357,39,1.4963969321932808,"[2.9358974358974357,39.0,1.4963969321932808]",0
352,3.7806122448979593,294,0.878447843436334,"[3.7806122448979593,294.0,0.878447843436334]",0
492,3.8677685950413223,121,0.8159059255446319,"[3.8677685950413223,121.0,0.8159059255446319]",0
98,3.9130434782608696,92,1.1133769432986689,"[3.9130434782608696,92.0,1.1133769432986689]",0
195,3.5294117647058822,187,1.0332853838010956,"[3.5294117647058822,187.0,1.0332853838010956]",0
256,3.9454022988505746,174,0.6998402866479565,"[3.9454022988505746,174.0,0.6998402866479565]",0
287,2.6217105263157894,152,1.4928047189418594,"[2.6217105263157894,152.0,1.4928047189418594]",0
345,3.903225806451613,62,0.7003436491209821,"[3.903225806451613,62.0,0.7003436491209821]",0
490,3.15929203539823,113,0.8870735563136798,"[3.15929203539823,113.0,0.8870735563136798]",0
595,4.2,20,0.8335087534664906,"[4.2,20.0,0.8335087534664906]",0
32,3.7549019607843137,102,0.8376803722988447,"[3.7549019607843137,102.0,0.8376803722988447]",0
60,3.727272727272727,22,0.7025001733142089,"[3.727272727272727,22.0,0.7025001733142089]",0
90,4.074074074074074,54,0.8207647573223001,"[4.074074074074074,54.0,0.8207647573223001]",0
371,4.548780487804878,41,0.5339110184382375,"[4.548780487804878,41.0,0.5339110184382375]",0
75,3.2318840579710146,69,1.2735421600475523,"[3.2318840579710146,69.0,1.2735421600475523]",0
382,3.508591065292096,291,1.1253022924695106,"[3.508591065292096,291.0,1.1253022924695106]",0
469,3.6731182795698927,465,1.015307387732031,"[3.6731182795698927,465.0,1.015307387732031]",2
203,3.8444444444444446,45,0.9875487457601905,"[3.8444444444444446,45.0,0.9875487457601905]",0
221,4.126888217522659,331,0.7521095480814599,"[4.126888217522659,331.0,0.7521095480814599]",0
265,3.3496932515337425,163,0.9265210539157969,"[3.3496932515337425,163.0,0.9265210539157969]",0
457,3.46,50,1.1816626128520125,"[3.46,50.0,1.1816626128520125]",0
141,3.5386904761904763,168,0.7502435209630783,"[3.5386904761904763,168.0,0.7502435209630783]",0
151,3.542372881355932,59,0.8773399038218347,"[3.542372881355932,59.0,0.8773399038218347]",0
341,3.798076923076923,52,0.6512402600574988,"[3.798076923076923,52.0,0.6512402600574988]",0
414,3.391957005189029,2698,0.933307272335836,"[3.391957005189029,2698.0,0.933307272335836]",1
433,3.772727272727273,22,0.9847319278346618,"[3.772727272727273,22.0,0.9847319278346618]",0
608,3.1341756919374246,831,1.0792620249470206,"[3.1341756919374246,831.0,1.0792620249470206]",2
334,3.418831168831169,154,0.5467395313132074,"[3.418831168831169,154.0,0.5467395313132074]",0
592,3.5851063829787235,94,0.9990272092916467,"[3.5851063829787235,94.0,0.9990272092916467]",0
145,3.347826086956522,23,0.7751067757631797,"[3.347826086956522,23.0,0.7751067757631797]",0
200,3.809880239520958,334,0.8385913313705264,"[3.809880239520958,334.0,0.8385913313705264]",0
272,3.629032258064516,31,0.70672651400057,"[3.629032258064516,31.0,0.70672651400057]",0
376,4.06390977443609,133,0.739608654285931,"[4.06390977443609,133.0,0.739608654285931]",0
488,3.8828828828828827,111,1.0465418268037812,"[3.8828828828828827,111.0,1.0465418268037812]",0
515,4.846153846153846,26,0.3396831102433789,"[4.846153846153846,26.0,0.3396831102433789]",0
56,3.8043478260869565,46,0.718627247446788,"[3.8043478260869565,46.0,0.718627247446788]",0
109,3.220472440944882,127,0.6890686816595241,"[3.220472440944882,127.0,0.6890686816595241]",0
254,3.9803149606299213,127,0.8052446507935002,"[3.9803149606299213,127.0,0.8052446507935002]",0
378,4.0,48,0.6101970382851057,"[4.0,48.0,0.6101970382851057]",0
487,3.142857142857143,56,0.9663158043653398,"[3.142857142857143,56.0,0.9663158043653398]",0
213,3.8273809523809526,84,0.5676735848266373,"[3.8273809523809526,84.0,0.5676735848266373]",0
228,3.74,25,0.694022093788567,"[3.74,25.0,0.694022093788567]",0
478,2.8181818181818183,22,1.0751019281185186,"[2.8181818181818183,22.0,1.0751019281185186]",0
534,3.8048076923076923,520,0.6763810260690817,"[3.8048076923076923,520.0,0.6763810260690817]",2
303,3.9056603773584904,53,1.0380112446292564,"[3.9056603773584904,53.0,1.0380112446292564]",0
426,3.6818181818181817,88,1.213387530797769,"[3.6818181818181817,88.0,1.213387530797769]",0
574,3.9565217391304346,23,0.928256472668725,"[3.9565217391304346,23.0,0.928256472668725]",0
170,3.34,50,0.7174216873994125,"[3.34,50.0,0.7174216873994125]",0
354,3.734513274336283,226,0.5718228026240179,"[3.734513274336283,226.0,0.5718228026240179]",0
304,3.8703703703703702,216,0.9653782735409879,"[3.8703703703703702,216.0,0.9653782735409879]",0
536,3.4,40,1.3549529275577936,"[3.4,40.0,1.3549529275577936]",0
105,4.116343490304709,722,0.6127710946547569,"[4.116343490304709,722.0,0.6127710946547569]",2
298,2.363684771033014,939,1.0824494702981018,"[2.363684771033014,939.0,1.0824494702981018]",2
370,3.5483870967741935,93,0.8144900916505459,"[3.5483870967741935,93.0,0.8144900916505459]",0
58,3.9017857142857144,112,1.039402300775375,"[3.9017857142857144,112.0,1.039402300775375]",0
188,4.395833333333333,48,0.7646326703505257,"[4.395833333333333,48.0,0.7646326703505257]",0
11,3.78125,64,0.9338221509065896,"[3.78125,64.0,0.9338221509065896]",0
33,3.7884615384615383,156,1.0411508234741227,"[3.7884615384615383,156.0,1.0411508234741227]",0
204,3.9578313253012047,83,1.0626841856915688,"[3.9578313253012047,83.0,1.0626841856915688]",0
421,4.108108108108108,37,0.936417042175588,"[4.108108108108108,37.0,0.936417042175588]",0
575,3.1666666666666665,36,1.2071217242444348,"[3.1666666666666665,36.0,1.2071217242444348]",0
83,3.309322033898305,118,1.2792216709554223,"[3.309322033898305,118.0,1.2792216709554223]",0
110,3.7254901960784315,51,0.9397538267556886,"[3.7254901960784315,51.0,0.9397538267556886]",0
150,3.576923076923077,26,0.7027418828034613,"[3.576923076923077,26.0,0.7027418828034613]",0
369,3.391472868217054,129,0.6845426173447787,"[3.391472868217054,129.0,0.6845426173447787]",0
413,4.410714285714286,56,1.2652960230610169,"[4.410714285714286,56.0,1.2652960230610169]",0
508,2.1458333333333335,24,1.0578810513666363,"[2.1458333333333335,24.0,1.0578810513666363]",0
541,3.3908045977011496,87,1.0821632280167528,"[3.3908045977011496,87.0,1.0821632280167528]",0
68,3.233730158730159,1260,0.8967403986310138,"[3.233730158730159,1260.0,0.8967403986310138]",2
71,3.6,35,1.1167178800079327,"[3.6,35.0,1.1167178800079327]",0
106,4.4393939393939394,33,0.7881701093115122,"[4.4393939393939394,33.0,0.7881701093115122]",0
260,3.7598684210526314,152,0.8876831864612326,"[3.7598684210526314,152.0,0.8876831864612326]",0
567,2.2454545454545456,385,1.2210763539276364,"[2.2454545454545456,385.0,1.2210763539276364]",2
525,3.542,500,0.7295893373689102,"[3.542,500.0,0.7295893373689102]",2
561,3.372277227722772,505,0.8486823133682264,"[3.372277227722772,505.0,0.8486823133682264]",2
116,3.4367816091954024,87,1.075100313602879,"[3.4367816091954024,87.0,1.075100313602879]",0
147,3.375,20,1.4407143695878242,"[3.375,20.0,1.4407143695878242]",0
14,3.3958333333333335,48,1.0260351977151438,"[3.3958333333333335,48.0,1.0260351977151438]",0
198,3.491304347826087,230,1.1811522179591198,"[3.491304347826087,230.0,1.1811522179591198]",0
317,3.7301587301587302,189,0.9926273304840598,"[3.7301587301587302,189.0,0.9926273304840598]",0
546,3.4375,64,1.206792942616589,"[3.4375,64.0,1.206792942616589]",0
600,2.991480996068152,763,1.0723160516067036,"[2.991480996068152,763.0,1.0723160516067036]",2
344,3.7681159420289854,69,1.3077250963165892,"[3.7681159420289854,69.0,1.3077250963165892]",0
349,3.72972972972973,37,0.8044545649986374,"[3.72972972972973,37.0,0.8044545649986374]",0
424,3.6739130434782608,138,0.8684497764874952,"[3.6739130434782608,138.0,0.8684497764874952]",0
123,4.035714285714286,56,0.36751181622491413,"[4.035714285714286,56.0,0.36751181622491413]",0
342,2.9393939393939394,66,0.857165056877574,"[2.9393939393939394,66.0,0.857165056877574]",0
373,3.19,100,1.3535960336164632,"[3.19,100.0,1.3535960336164632]",0
379,3.388888888888889,36,0.9936305084394237,"[3.388888888888889,36.0,0.9936305084394237]",0
454,3.7666666666666666,45,0.7119116390523348,"[3.7666666666666666,45.0,0.7119116390523348]",0
158,3.423076923076923,26,0.7306477631842541,"[3.423076923076923,26.0,0.7306477631842541]",0
199,3.3953168044077136,363,1.021214257430198,"[3.3953168044077136,363.0,1.021214257430198]",0
242,3.6,35,0.8471405189362209,"[3.6,35.0,0.8471405189362209]",0
270,3.2,40,1.1810469062961875,"[3.2,40.0,1.1810469062961875]",0
284,3.715909090909091,88,0.9090713164032894,"[3.715909090909091,88.0,0.9090713164032894]",0
135,3.630824372759857,279,1.0439529717250753,"[3.630824372759857,279.0,1.0439529717250753]",0
248,3.7450980392156863,51,0.635393964557485,"[3.7450980392156863,51.0,0.635393964557485]",0
499,3.8333333333333335,27,1.1351041971825928,"[3.8333333333333335,27.0,1.1351041971825928]",0
522,3.83,200,1.0626599790882214,"[3.83,200.0,1.0626599790882214]",0
42,3.565909090909091,440,1.0630345487581225,"[3.565909090909091,440.0,1.0630345487581225]",2
119,4.176744186046512,215,0.5648741524314939,"[4.176744186046512,215.0,0.5648741524314939]",0
337,4.207792207792208,77,0.8002904462503195,"[4.207792207792208,77.0,0.8002904462503195]",0
466,3.9292035398230087,113,0.6473409092931641,"[3.9292035398230087,113.0,0.6473409092931641]",0
506,3.261904761904762,42,1.1594684191898987,"[3.261904761904762,42.0,1.1594684191898987]",0
566,3.5405405405405403,74,1.0228778792545066,"[3.5405405405405403,74.0,1.0228778792545066]",0
2,3.9482758620689653,29,0.8056145345791146,"[3.9482758620689653,29.0,0.8056145345791146]",0
79,4.203125,64,0.8578246296522939,"[4.203125,64.0,0.8578246296522939]",0
201,4.1,110,0.9856772458708395,"[4.1,110.0,0.9856772458708395]",0
131,3.4420289855072466,69,0.709889344546336,"[3.4420289855072466,69.0,0.709889344546336]",0
149,2.7241379310344827,58,1.2813521291537595,"[2.7241379310344827,58.0,1.2813521291537595]",0
276,4.390243902439025,41,0.7027819284987273,"[4.390243902439025,41.0,0.7027819284987273]",0
365,2.7509025270758123,277,1.079808548463185,"[2.7509025270758123,277.0,1.079808548463185]",0
294,2.610983981693364,437,1.1768673205207953,"[2.610983981693364,437.0,1.1768673205207953]",2
357,3.9569190600522193,383,0.7136279342277102,"[3.9569190600522193,383.0,0.7136279342277102]",2
529,3.2,25,1.1902380714238083,"[3.2,25.0,1.1902380714238083]",0
118,3.8181818181818183,22,0.8528028654224418,"[3.8181818181818183,22.0,0.8528028654224418]",0
573,4.212374581939799,299,0.972377239964726,"[4.212374581939799,299.0,0.972377239964726]",0
124,3.99,50,0.8359889658484784,"[3.99,50.0,0.8359889658484784]",0
281,3.2142857142857144,21,0.9023778112773576,"[3.2142857142857144,21.0,0.9023778112773576]",0
571,2.5714285714285716,112,1.1984546033510972,"[2.5714285714285716,112.0,1.1984546033510972]",0
30,4.735294117647059,34,0.5537105429905546,"[4.735294117647059,34.0,0.5537105429905546]",0
99,3.8679245283018866,53,1.2095411693482496,"[3.8679245283018866,53.0,1.2095411693482496]",0
184,3.705223880597015,134,1.0676597388314641,"[3.705223880597015,134.0,1.0676597388314641]",0
302,4.0,32,0.9158109397792509,"[4.0,32.0,0.9158109397792509]",0
313,3.4323529411764704,340,1.2520709895891189,"[3.4323529411764704,340.0,1.2520709895891189]",0
66,4.0202898550724635,345,0.736028727586653,"[4.0202898550724635,345.0,0.736028727586653]",0
405,4.008333333333334,120,0.4582728506056635,"[4.008333333333334,120.0,0.4582728506056635]",0
557,3.8518518518518516,27,1.0173004889904875,"[3.8518518518518516,27.0,1.0173004889904875]",0
46,4.0,42,0.8553989227683017,"[4.0,42.0,0.8553989227683017]",0
67,3.9722222222222223,36,0.7923242882669809,"[3.9722222222222223,36.0,0.7923242882669809]",0
186,4.079646017699115,226,0.5756788135426284,"[4.079646017699115,226.0,0.5756788135426284]",0
275,4.086848635235732,403,1.0719864596015323,"[4.086848635235732,403.0,1.0719864596015323]",2
282,4.033755274261603,237,0.694194930025053,"[4.033755274261603,237.0,0.694194930025053]",0
605,3.2104072398190047,221,0.818718686697297,"[3.2104072398190047,221.0,0.818718686697297]",0
311,2.3392857142857144,28,1.2623726296480988,"[2.3392857142857144,28.0,1.2623726296480988]",0
535,2.6666666666666665,30,1.493279966205689,"[2.6666666666666665,30.0,1.493279966205689]",0
174,3.656716417910448,67,0.9931925689254789,"[3.656716417910448,67.0,0.9931925689254789]",0
215,3.9081632653061225,98,0.8625870306472121,"[3.9081632653061225,98.0,0.8625870306472121]",0
410,4.059880239520958,167,0.8337793097566379,"[4.059880239520958,167.0,0.8337793097566379]",0
172,3.826923076923077,26,0.546668230141604,"[3.826923076923077,26.0,0.546668230141604]",0
562,4.093073593073593,231,0.6764643303328612,"[4.093073593073593,231.0,0.6764643303328612]",0
252,4.197368421052632,38,0.6210221922766869,"[4.197368421052632,38.0,0.6210221922766869]",0
399,3.9444444444444446,36,1.3135436138160106,"[3.9444444444444446,36.0,1.3135436138160106]",0
551,3.7154471544715446,123,0.9256838429520591,"[3.7154471544715446,123.0,0.9256838429520591]",0
144,3.62890625,128,0.7077915463125395,"[3.62890625,128.0,0.7077915463125395]",0
153,2.217877094972067,179,1.431983760532035,"[2.217877094972067,179.0,1.431983760532035]",0
420,3.8226950354609928,141,0.5481617063716876,"[3.8226950354609928,141.0,0.5481617063716876]",0
18,3.7320717131474104,502,0.6321613993017284,"[3.7320717131474104,502.0,0.6321613993017284]",2
475,4.409677419354839,155,0.49827940234219287,"[4.409677419354839,155.0,0.49827940234219287]",0
74,4.271186440677966,177,0.6439537446662188,"[4.271186440677966,177.0,0.6439537446662188]",0
138,3.522727272727273,22,1.599682057154697,"[3.522727272727273,22.0,1.599682057154697]",0
104,3.5073260073260073,273,0.7693230121379155,"[3.5073260073260073,273.0,0.7693230121379155]",0
180,3.5625,24,0.7845311532595647,"[3.5625,24.0,0.7845311532595647]",0
468,3.393939393939394,33,0.9662878045448577,"[3.393939393939394,33.0,0.9662878045448577]",0
483,3.618818681318681,728,0.95997777947829,"[3.618818681318681,728.0,0.95997777947829]",2
134,3.5714285714285716,35,0.739065956051933,"[3.5714285714285716,35.0,0.739065956051933]",0
584,4.108433734939759,83,1.104448302765784,"[4.108433734939759,83.0,1.104448302765784]",0
407,4.113636363636363,22,0.8581793876992511,"[4.113636363636363,22.0,0.8581793876992511]",0
521,3.6,40,0.5905234531480936,"[3.6,40.0,0.5905234531480936]",0
36,2.6333333333333333,60,0.9909192217102272,"[2.6333333333333333,60.0,0.9909192217102272]",0
187,3.7751937984496124,258,1.0418504196507157,"[3.7751937984496124,258.0,1.0418504196507157]",0
208,3.3076923076923075,26,0.9703290480751678,"[3.3076923076923075,26.0,0.9703290480751678]",0
315,3.3636363636363638,33,0.8222751143238884,"[3.3636363636363638,33.0,0.8222751143238884]",0
393,3.841463414634146,123,1.6224817475680653,"[3.841463414634146,123.0,1.6224817475680653]",0
89,3.472972972972973,518,1.1928393881174988,"[3.472972972972973,518.0,1.1928393881174988]",2
401,3.5277777777777777,72,0.598642177735587,"[3.5277777777777777,72.0,0.598642177735587]",0
422,3.3225806451612905,93,1.0648667024417395,"[3.3225806451612905,93.0,1.0648667024417395]",0
517,2.38625,400,1.3475814918560518,"[2.38625,400.0,1.3475814918560518]",2
